{
  "comments": {
    // symbol used for single line comment
    "lineComment": "//",
    // symbols used for start and end a block comment
    "blockComment": [ "/*", "*/" ]
  },

  // symbols used as brackets
  "brackets": [
    ["{", "}"],
    ["[", "]"],
    ["(", ")"]
  ],
  "autoClosingPairs": [
    ["{", "}"],
    ["[", "]"],
    ["(", ")"],
    ["\"", "\""],
    ["'", "'"]
  ],
  "surroundingPairs": [
    ["{", "}"],
    ["[", "]"],
    ["(", ")"],
    ["\"", "\""],
    ["'", "'"]
  ],
  "folding": {
    "offSide": true
  }
}
