{ // https://palantir.github.io/tslint/rules/
  "extends": [ "tslint:recommended" ],
  "defaultSeverity": "warning",
  "rules": {
    "member-access": true,
    "member-ordering": [true, {"order": "statics-first"}],
    "no-var-requires": true,
    "promise-function-async": true,
    "typedef-whitespace": [
      true,
      {
        "call-signature": "nospace",
        "index-signature": "nospace",
        "parameter": "nospace",
        "property-declaration": "nospace",
        "variable-declaration": "nospace"
      },
      {
        "call-signature": "onespace",
        "index-signature": "onespace",
        "parameter": "onespace",
        "property-declaration": "onespace",
        "variable-declaration": "onespace"
      }
    ],
    "prefer-for-of": true,
    "await-promise": true,
    "curly": false,
    "forin": true,
    "label-position": true,
    "no-arg": true,
    "no-bitwise": true,
    "no-conditional-assignment": true,
    "no-console": [false],
    "no-construct": true,
    "no-duplicate-super": true,
    "no-duplicate-variable": true,
    "no-empty": false,
    "no-eval": true,
    "no-for-in-array": true,
    "no-inferred-empty-object-type": false,
    "no-invalid-template-strings": true,
    "no-invalid-this": true,
    "no-object-literal-type-assertion": true,
    "no-shadowed-variable": true,
    "no-sparse-arrays": true,
    "no-string-literal": true,
    "no-var-keyword": true,
    "no-switch-case-fall-through": true,
    "no-unused-expression": true,
    "no-unused-variable": true,
    "no-use-before-declare": false,
    "prefer-conditional-expression": true,
    "prefer-object-spread": true,
    "strict-type-predicates": true,
    "triple-equals": [true, "allow-null-check", "allow-undefined-check"],
    "typeof-compare": true,
    "use-isnan": true,
    "cyclomatic-complexity": [true],
    "deprecation": true,
    "eofline": true,
    "indent": [true, "spaces", 4],
    "linebreak-style": [true, "LF"],
    "max-classes-per-file": false,
    "max-line-length": [true, 120],
    "no-require-imports": true,
    "object-literal-sort-keys": false,
    "prefer-const": true,
    "trailing-comma": [true, {"multiline": "never", "singleline": "never"}],
    "align": [true],
    "array-type": [true, "array"],
    "arrow-parens": false,
    "arrow-return-shorthand": true,
    "binary-expression-operand-order": true,
    "class-name": true,
    "comment-format": [true, "check-space"],
    "encoding": true,
    "import-spacing": true,
    "interface-name": [true, "always-prefix"],
    "match-default-export-name": true,
    "new-parens": true,
    "no-boolean-literal-compare": true,
    "no-trailing-whitespace": true,
    "object-literal-key-quotes": [true, "always"],
    "object-literal-shorthand": false,
    "one-line": [false],
    "one-variable-per-declaration": [true, "ignore-for-loop"],
    "ordered-imports": [
      true,
      { "import-sources-order": "any", "named-imports-order": "lowercase-first" }
    ],
    "quotemark": [true, "single"],
    "semicolon": [true],
    "space-before-function-paren": {
        "options": {
            "anonymous": "never",
            "asyncArrow": "always",
            "constructor": "always",
            "method": "never",
            "named": "never"
        }
    },
    "variable-name": [true, "ban-keywords", "check-format", "allow-leading-underscore", "allow-trailing-underscore"],
    "whitespace": [true]
  },
  "jsRules": {
    "member-ordering": [true, {"order": "statics-first"}],
    "promise-function-async": true,
    "prefer-for-of": true,
    "curly": false,
    "forin": true,
    "label-position": true,
    "no-arg": true,
    "no-bitwise": true,
    "no-conditional-assignment": true,
    "no-console": [false],
    "no-construct": true,
    "no-duplicate-super": true,
    "no-duplicate-variable": true,
    "no-empty": false,
    "no-eval": true,
    "no-for-in-array": true,
    "no-invalid-template-strings": true,
    "no-invalid-this": true,
    "no-shadowed-variable": true,
    "no-sparse-arrays": true,
    "no-string-literal": true,
    "no-var-keyword": true,
    "no-switch-case-fall-through": true,
    "no-unused-expression": true,
    "no-use-before-declare": false,
    "prefer-conditional-expression": true,
    "prefer-object-spread": true,
    "triple-equals": [true, "allow-null-check", "allow-undefined-check"],
    "typeof-compare": true,
    "use-isnan": true,
    "cyclomatic-complexity": [true],
    "deprecation": true,
    "eofline": true,
    "indent": [true, "spaces", 4],
    "linebreak-style": [true, "LF"],
    "max-classes-per-file": false,
    "max-line-length": [true, 120],
    "no-require-imports": true,
    "object-literal-sort-keys": false,
    "prefer-const": true,
    "trailing-comma": [true, {"multiline": "never", "singleline": "never"}],
    "align": [true],
    "arrow-parens": false,
    "arrow-return-shorthand": true,
    "binary-expression-operand-order": true,
    "class-name": true,
    "comment-format": [true, "check-space"],
    "encoding": true,
    "import-spacing": true,
    "new-parens": true,
    "no-trailing-whitespace": true,
    "object-literal-key-quotes": [true, "always"],
    "object-literal-shorthand": false,
    "one-line": [false],
    "one-variable-per-declaration": [true, "ignore-for-loop"],
    "quotemark": [true, "single"],
    "semicolon": [true],
    "variable-name": [true, "ban-keywords", "check-format", "allow-leading-underscore", "allow-trailing-underscore"],
    "whitespace": [true]
  }
}
